Workbook

Sheet Raw Data
A1: Order ID | B1: Date | C1: Region | D1: Product | E1: Category | F1: Units Sold | G1: Unit Price | H1: Revenue
A2: ORD1000 | B2: 45715 | C2: North | D2: Office Desk | E2: Furniture | F2: 8 | G2: 7557.14 | H2: =F2*G2 -> 60457.12
A3: ORD1001 | B3: 45710 | C3: North | D3: Backpack | E3: Accessories | F3: 14 | G3: 1631.44 | H3: =F3*G3 -> 22840.16
A4: ORD1002 | B4: 45705 | C4: South | D4: Desk Chair | E4: Furniture | F4: 17 | G4: 4591.82 | H4: =F4*G4 -> 78060.94
A5: ORD1003 | B5: 45759 | C5: West | D5: Desk Chair | E5: Furniture | F5: 15 | G5: 4580.34 | H5: =F5*G5 -> 68705.1
A6: ORD1004 | B6: 45661 | C6: South | D6: Pen Set | E6: Stationery | F6: 11 | G6: 143.34 | H6: =F6*G6 -> 1576.74
A7: ORD1005 | B7: 45768 | C7: East | D7: Mouse | E7: Electronics | F7: 3 | G7: 585.59 | H7: =F7*G7 -> 1756.77
A8: ORD1006 | B8: 45841 | C8: East | D8: Backpack | E8: Accessories | F8: 9 | G8: 1910.57 | H8: =F8*G8 -> 17195.13
A9: ORD1007 | B9: 45893 | C9: North | D9: Pen Set | E9: Stationery | F9: 3 | G9: 151.56 | H9: =F9*G9 -> 454.68
A10: ORD1008 | B10: 45843 | C10: South | D10: Mouse | E10: Electronics | F10: 2 | G10: 619.35 | H10: =F10*G10 -> 1238.7
A11: ORD1009 | B11: 45806 | C11: North | D11: Desk Chair | E11: Furniture | F11: 4 | G11: 4392.11 | H11: =F11*G11 -> 17568.44
A12: ORD1010 | B12: 45890 | C12: East | D12: Keyboard | E12: Electronics | F12: 12 | G12: 1165.26 | H12: =F12*G12 -> 13983.12
A13: ORD1011 | B13: 45794 | C13: North | D13: Backpack | E13: Accessories | F13: 6 | G13: 1812.29 | H13: =F13*G13 -> 10873.74
... A151: ORD1149 | B151: 45890 | C151: North | D151: Desk Chair | E151: Furniture | F151: 9 | G151: 4759.05 | H151: =F151*G151 -> 42831.45

Sheet Summary
A1: Sales Summary
A2: Auto-calculated from Raw Data using SUMIFS
A4: Revenue by Region
A5: Region | B5: Total Revenue | C5: Total Units | D5: Order Count
A6: North | B6: =SUMIFS('Raw Data'!H2:H151,'Raw Data'!C2:C151,A6) -> 1599556.9 | C6: =SUMIFS('Raw Data'!F2:F151,'Raw Data'!C2:C151,A6) -> 333 | D6: =COUNTIF('Raw Data'!C2:C151,A6) -> 32
A7: South | B7: =SUMIFS('Raw Data'!H2:H151,'Raw Data'!C2:C151,A7) -> 5702022.8 | C7: =SUMIFS('Raw Data'!F2:F151,'Raw Data'!C2:C151,A7) -> 466 | D7: =COUNTIF('Raw Data'!C2:C151,A7) -> 42
A8: East | B8: =SUMIFS('Raw Data'!H2:H151,'Raw Data'!C2:C151,A8) -> 3126806.9 | C8: =SUMIFS('Raw Data'!F2:F151,'Raw Data'!C2:C151,A8) -> 322 | D8: =COUNTIF('Raw Data'!C2:C151,A8) -> 31
A9: West | B9: =SUMIFS('Raw Data'!H2:H151,'Raw Data'!C2:C151,A9) -> 3859715.6 | C9: =SUMIFS('Raw Data'!F2:F151,'Raw Data'!C2:C151,A9) -> 500 | D9: =COUNTIF('Raw Data'!C2:C151,A9) -> 45
A12: Revenue by Category
A13: Category | B13: Total Revenue | C13: Total Units | D13: Order Count
A14: Accessories | B14: =SUMIFS('Raw Data'!H2:H151,'Raw Data'!E2:E151,A14) -> 246700.38 | C14: =SUMIFS('Raw Data'!F2:F151,'Raw Data'!E2:E151,A14) -> 142 | D14: =COUNTIF('Raw Data'!E2:E151,A14) -> 11
A15: Electronics | B15: =SUMIFS('Raw Data'!H2:H151,'Raw Data'!E2:E151,A15) -> 10826431 | C15: =SUMIFS('Raw Data'!F2:F151,'Raw Data'!E2:E151,A15) -> 662 | D15: =COUNTIF('Raw Data'!E2:E151,A15) -> 61
A16: Furniture | B16: =SUMIFS('Raw Data'!H2:H151,'Raw Data'!E2:E151,A16) -> 3185911 | C16: =SUMIFS('Raw Data'!F2:F151,'Raw Data'!E2:E151,A16) -> 572 | D16: =COUNTIF('Raw Data'!E2:E151,A16) -> 54
A17: Stationery | B17: =SUMIFS('Raw Data'!H2:H151,'Raw Data'!E2:E151,A17) -> 29059.88 | C17: =SUMIFS('Raw Data'!F2:F151,'Raw Data'!E2:E151,A17) -> 245 | D17: =COUNTIF('Raw Data'!E2:E151,A17) -> 24
A20: Key Metrics
A21: Total Revenue | B21: =SUM('Raw Data'!H2:H151) -> 14288102
A22: Total Units Sold | B22: =SUM('Raw Data'!F2:F151) -> 1621
A23: Total Orders | B23: =COUNTA('Raw Data'!A2:A151) -> 150
A24: Average Order Value | B24: =B21/B23 -> 95254.015

Sheet Dashboard
A1: Sales Dashboard
A2: Visual overview of sales performance
F4: Total Revenue
F5: =Summary!B21 -> 14288102
F8: Total Units Sold
F9: =Summary!B22 -> 1621
F12: Total Orders
F13: =Summary!B23 -> 150
F16: Avg Order Value
F17: =Summary!B24 -> 95254.015
